Index	Name	Address	Chr	Position	GenTrain Score	Frac A	Frac C	Frac G	Frac T	sample1MO.GType	sample1MO.Score	sample1MO.Theta	sample1MO.R	sample1Extra.GType	sample1Extra.Score	sample1Extra.Theta	sample1Extra.R	sample2Extra.GType	sample2Extra.Score	sample2Extra.Theta	sample2Extra.R	sample1Embryo.GType	sample1Embryo.Score	sample1Embryo.Theta	sample1Embryo.R
1	1:103380393	9663149	1	102914837	0.8725436	0.3688525	0.1885246	0.147541	0.295082	BB	0.8573305	0.966402	0.7048513	BB	0.8573305	0.9848744	0.8097044	BB	0.8573305	0.9876773	0.7862796	BB	0.8573305	0.97071	0.7849601
2	1:106737318	32761967	1	106194696	0.8003098	0.2786885	0.1557377	0.1557377	0.4098361	NC	0.00	Non un numero reale	Non un numero reale	AA	0.3867154	0.03653814	0.2430071	AA	0.3867154	0.1232728	0.2501472	AA	0.3867154	0.01689593	0.2702155
3	1:109439680	26641362	1	108897058	0.8722684	0.295082	0.1803279	0.1393443	0.3852459	AA	0.4716053	0.02402076	0.8764585	AA	0.4716053	0.03244249	0.951263	AA	0.4716053	0.01768954	0.9505635	AA	0.4716053	0.04364554	0.8306788
4	1:110228436_CNV_GSTM1	82761926	1	109685814	0.5992399	0.147541	0.00	0.1803279	0.6721311	AB	0.4012199	0.5752906	0.1308254	NC	0.02465071	0.1606144	0.2956651	NC	0.1398846	0.2434318	0.3089787	NC	0.03477505	0.1773026	0.3181359
